weight_mode,shift_strength,seed,global_ess,q10_local_ess,median_local_ess,worst_group_noise,false_alarm_005,false_alarm_010
oracle,0.4,0,304.4777859759878,1.7463394618111152,11.363054738452586,0.038886735652447116,False,False
oracle,0.4,1,293.9238918602754,2.1413181386376485,10.995150424129367,0.03448550071353855,False,False
oracle,0.4,2,272.5602241365004,2.9467146981869345,12.563849025791301,0.03574903605279301,False,False
oracle,0.4,3,307.6168282282782,2.562403842499378,12.934722774820603,0.04834090300714441,False,False
oracle,0.4,4,310.3639243330545,2.091061166460481,10.309531875718502,0.050071640116481075,True,False
oracle,0.4,5,323.42796467999193,3.852221518360798,13.654273307686159,0.03614170588704867,False,False
oracle,0.4,6,323.0129077297932,3.037163465501907,15.00914332599713,0.04440158187897721,False,False
oracle,0.4,7,315.85416005236794,3.7803806843589056,13.834921357747875,0.03433561175887107,False,False
oracle,0.4,8,294.8707144262957,4.017177551420805,15.186070502739382,0.03384956652642135,False,False
oracle,0.4,9,316.32068867932117,3.2044843403210534,15.715902672588308,0.03880167728644752,False,False
oracle,0.4,10,336.33965363608905,4.850949039698742,13.798590913622421,0.03568836136861257,False,False
oracle,0.4,11,308.98664863102505,1.9982122647868898,11.033174171904736,0.04243238399349662,False,False
oracle,0.4,12,332.413343649809,3.5359888756315354,12.137913300918942,0.04278027150610605,False,False
oracle,0.4,13,321.4582387742949,3.3654232004279074,12.283414611205384,0.05329282995780092,True,False
oracle,0.4,14,319.2427243284535,2.2839897512977956,11.989992120912396,0.05090462361479699,True,False
oracle,0.4,15,335.7589816425342,3.390193483637469,12.799848976526542,0.026571622117343388,False,False
oracle,0.4,16,296.92029072449895,2.6316325333732045,12.033783852009158,0.034307479885199735,False,False
oracle,0.4,17,318.8671012786986,3.40797871598813,13.438540848487264,0.04287865081175586,False,False
oracle,0.4,18,256.4179597608055,2.479574293039905,12.504376798171988,0.04820239358877619,False,False
oracle,0.4,19,277.5681731642302,3.964549826689719,12.895338112490645,0.03650747795087727,False,False
oracle,0.4,20,319.84213304684226,5.478307166766157,15.62084218723258,0.03352478381039094,False,False
oracle,0.4,21,308.2205967218737,5.655273364439835,16.639902693199588,0.03967640517351387,False,False
oracle,0.4,22,297.8854057235819,1.7081328937696203,9.13543371010881,0.040898863740775886,False,False
oracle,0.4,23,293.3590812809224,1.8912716435728267,9.263319173112592,0.040821886507081795,False,False
oracle,0.4,24,295.83468121283335,1.9951288056885883,11.868869783201927,0.04469928669573865,False,False
oracle,0.4,25,288.6401765255677,2.0131303578551636,10.884209166823137,0.039658568654885665,False,False
oracle,0.4,26,324.9598820218274,2.682889247897668,11.19687957567441,0.03954472478486203,False,False
oracle,0.4,27,311.81421913566106,1.8072916623803064,10.137778492585202,0.030546317598413184,False,False
oracle,0.4,28,302.30618531537243,1.8377061589619923,10.960409619521432,0.049188350519931916,False,False
oracle,0.4,29,309.2792141107171,2.1846610338054036,12.01711395194478,0.04202849229704971,False,False
oracle,0.4,30,320.9915459111681,3.4292113049146695,14.238650958376185,0.025350711087097504,False,False
oracle,0.4,31,326.8431069839537,2.9722064643075896,12.523537679747234,0.0510099824208525,True,False
oracle,0.4,32,317.71287007249975,2.684019628015013,12.588694137037592,0.04366186751631271,False,False
oracle,0.4,33,321.0150409733695,3.9540583876972675,12.966117318415533,0.035145874786117276,False,False
oracle,0.4,34,315.07844783099716,5.122684966716964,15.224077679939871,0.03550669929740965,False,False
oracle,0.4,35,317.14758113754425,2.828536227356889,12.188150186533147,0.04576724315282772,False,False
oracle,0.4,36,315.8931780129404,2.073158393110479,11.260524028364179,0.03998105384347228,False,False
oracle,0.4,37,329.660659102777,1.8803259556508765,11.856703139077883,0.04356506628739383,False,False
oracle,0.4,38,303.73184710132955,1.9763961791855496,11.48203393558815,0.03863287612023391,False,False
oracle,0.4,39,297.3314391409044,2.8578797578028157,10.823776236157556,0.04096908375546071,False,False
oracle,0.4,40,327.2307450715626,2.9809741604079356,13.553004667693404,0.03571407605366725,False,False
oracle,0.4,41,310.33534337560417,2.4141388458569395,11.146483365238748,0.03646064237444043,False,False
oracle,0.4,42,303.72533043712326,1.7729429060857211,12.353660957662344,0.04272922937747496,False,False
oracle,0.4,43,315.87307589760235,1.9905046861831843,10.389076169519479,0.04416655319000373,False,False
oracle,0.4,44,317.86472011974274,3.6888502815926563,11.419577337735218,0.02694215197388484,False,False
oracle,0.4,45,290.22820700976956,1.981691557463085,10.458394222191954,0.03567674023716356,False,False
oracle,0.4,46,320.6950350703409,2.9414738677964203,10.99819548289063,0.04796517421540718,False,False
oracle,0.4,47,315.1499612297075,4.112100004203019,14.339803861151736,0.0347409919024967,False,False
oracle,0.4,48,281.8159023778961,2.1853708227081388,10.840016754672853,0.046599259161487126,False,False
oracle,0.4,49,301.3683518714536,1.9755792993474386,12.274481952870051,0.06301039603314806,True,False
oracle,0.4,50,308.6247601235057,5.357915805975267,16.37780206063566,0.04114848902937253,False,False
oracle,0.4,51,299.52956657391366,2.9129067743583548,11.6791673851552,0.04840960878779595,False,False
oracle,0.4,52,311.5926006987201,2.657650916444504,13.229929693659908,0.038874808969824516,False,False
oracle,0.4,53,293.6109980034242,1.6500572233298658,9.883151292624959,0.05856896867332868,True,False
oracle,0.4,54,305.40560301426154,1.7380982608799818,10.63565554419624,0.060785268933668785,True,False
oracle,0.4,55,283.06572871946486,2.685711994936611,11.254356029299302,0.03741562647161519,False,False
oracle,0.4,56,289.0804572875263,2.6196519895371786,12.516399413645317,0.032063613747827784,False,False
oracle,0.4,57,301.4471766842746,1.8879146781364553,10.246494437023708,0.03904705376075093,False,False
oracle,0.4,58,308.11998119418894,2.610020704707741,11.073608912655338,0.05639133068713331,True,False
oracle,0.4,59,320.86265230737035,1.9216303956266712,13.746976897785045,0.031104163789872696,False,False
oracle,0.4,60,309.05847448905075,3.454230739061626,14.013422927637318,0.050187774638366434,True,False
oracle,0.4,61,303.2286523943664,3.9829581301162738,13.668519585215375,0.03270661457658901,False,False
oracle,0.4,62,322.59380066101846,4.7190902457615325,15.077457579380551,0.03560185443394935,False,False
oracle,0.4,63,302.0900181226156,1.9690349700320537,12.68620521106987,0.035137499787119636,False,False
oracle,0.4,64,317.1030503009271,1.9919613566651104,12.462910589966725,0.0366905318989757,False,False
oracle,0.4,65,332.3435019630926,3.4402699050726047,12.645039326787025,0.049249239583360284,False,False
oracle,0.4,66,298.4579467052021,1.810107323794243,11.214148413118494,0.036596323866740776,False,False
oracle,0.4,67,325.81658729433303,2.559812904249819,12.126526925042095,0.056056781624804514,True,False
oracle,0.4,68,322.8817489321798,2.15339649200122,13.296057746771414,0.04200834752437826,False,False
oracle,0.4,69,298.7570384742994,4.784304610395295,15.625058146113428,0.028893773777307348,False,False
oracle,0.4,70,304.8960060019877,2.631390565452681,16.111457943158126,0.030422562469335293,False,False
oracle,0.4,71,323.15727919345346,2.663785401931239,12.541423827612567,0.036891936318488375,False,False
oracle,0.4,72,311.60145462923293,1.9294119819432087,11.69691483083098,0.0329498038409268,False,False
oracle,0.4,73,313.6864048066907,3.8789014887906337,16.52334938465551,0.042554122511600366,False,False
oracle,0.4,74,289.9157145739494,3.754532285056251,13.178760453081638,0.030318595348536235,False,False
oracle,0.4,75,316.4444900802718,4.336649355872277,16.808622460584203,0.033234368801628375,False,False
oracle,0.4,76,323.2519828165083,2.8940527674287893,12.989060546095216,0.05336178535760903,True,False
oracle,0.4,77,323.8482492258503,3.524041295245228,12.229049130385393,0.033517187048479676,False,False
oracle,0.4,78,308.7669074211883,4.053771605831929,14.916549693854527,0.05372538961378613,True,False
oracle,0.4,79,333.3217600440928,3.7935686155587187,13.517494041259994,0.04981485310266438,False,False
oracle,0.4,80,328.8831383331777,4.6559246175817215,13.876387730761325,0.035847322398254756,False,False
oracle,0.4,81,319.7463254116961,4.583255173858341,14.848478881467004,0.04784611148383073,False,False
oracle,0.4,82,319.41195050039954,4.518654964895333,15.429785162329386,0.027680296745625076,False,False
oracle,0.4,83,304.9015807539934,5.248980920161458,15.970173777394294,0.030262930755358592,False,False
oracle,0.4,84,311.64480947004233,2.5371045813789523,12.223544640477375,0.041101260371203305,False,False
oracle,0.4,85,229.0222589824729,3.0131552133425115,12.984776594469361,0.030233855924369408,False,False
oracle,0.4,86,306.15431483740434,1.912448193052101,10.82084674650386,0.03658943576994248,False,False
oracle,0.4,87,315.9720364192502,4.567463970880886,13.548176370196074,0.04384561655198053,False,False
oracle,0.4,88,331.2974587817636,2.8715310726513104,13.06349130333484,0.02959182301108901,False,False
oracle,0.4,89,308.43890237396823,3.887215562000657,14.271834116393057,0.03730790123923619,False,False
oracle,0.4,90,320.51090564221823,2.9015870399366097,12.61091271009276,0.030120006423007138,False,False
oracle,0.4,91,341.1110637741162,2.9550282934499204,12.813321270958301,0.042460711000340406,False,False
oracle,0.4,92,309.4285570090238,2.538779223326944,11.97046617864304,0.05611448046864602,True,False
oracle,0.4,93,333.2776223517192,3.7073982988697503,12.154453843974583,0.036483576939299864,False,False
oracle,0.4,94,334.6930203046085,4.662025545142511,14.37595957446346,0.034806330628282756,False,False
oracle,0.4,95,314.22835590942975,2.763645671563575,12.49108864516821,0.03973625005051883,False,False
oracle,0.4,96,294.74038423183237,2.513447615812188,12.210059997902405,0.02829675041430938,False,False
oracle,0.4,97,298.1905888225034,2.748026607211817,13.286247802434001,0.05433709886837324,True,False
oracle,0.4,98,309.7013882807464,2.1893571722304492,12.064089517419145,0.042033078697829115,False,False
oracle,0.4,99,263.44638905719114,4.167791230165608,13.607508010469346,0.046848486241821294,False,False
oracle,0.4,100,304.8534266111151,1.9963868051431783,10.341287345434123,0.04010058554328519,False,False
oracle,0.4,101,318.75820679847345,1.8636181701761525,11.421330481081192,0.03665922784392355,False,False
oracle,0.4,102,318.51739854888274,3.728570533206962,12.521372623048478,0.03312433461527774,False,False
oracle,0.4,103,320.038628496875,1.993525893972258,11.053415308251148,0.039502907348563196,False,False
oracle,0.4,104,296.46127694678256,1.959617907449839,12.109860048310175,0.042356214257455976,False,False
oracle,0.4,105,321.31755925951455,3.0710655966129354,13.868513708474214,0.052701160401862034,True,False
oracle,0.4,106,302.67188079727674,2.2142157672912477,11.49493837771142,0.03829398958947615,False,False
oracle,0.4,107,310.6226277204964,2.1354076016317665,11.128850861638053,0.03639742191231179,False,False
oracle,0.4,108,337.40973441311047,1.9984380421348298,11.677760527437663,0.03409434346972026,False,False
oracle,0.4,109,320.11063119208535,3.678656292168849,16.820688871970557,0.034069097798720124,False,False
oracle,0.4,110,298.3713170756729,1.9839479804197884,11.585943012384355,0.04059454128883206,False,False
oracle,0.4,111,322.6978418164229,1.968724168628732,13.787550572739756,0.04948042038834113,False,False
oracle,0.4,112,292.1550810660676,2.560770001408279,11.852826877711177,0.051001963345178786,True,False
oracle,0.4,113,317.3216457440745,4.149040418731571,12.000418199472293,0.03263265415817688,False,False
oracle,0.4,114,332.18786099126515,2.6005146320706944,10.696394850694572,0.03717493515921805,False,False
oracle,0.4,115,328.3709883412707,3.0859868758423135,12.36567516231603,0.04093973705449555,False,False
oracle,0.4,116,305.2020139322024,3.9961552344460087,15.691726853654421,0.03209667080062309,False,False
oracle,0.4,117,309.6750726503638,3.6610077225206745,13.822167467646583,0.030046846786476167,False,False
oracle,0.4,118,301.8968563135682,5.035793524971727,14.062200252027832,0.02664987135206906,False,False
oracle,0.4,119,328.39961878362124,3.4127540521717634,13.020036730447922,0.0250240365203512,False,False
oracle,0.4,120,310.5807230025085,2.9226138010243368,12.4207094675705,0.05691955666051617,True,False
oracle,0.4,121,296.5039213014006,1.9441007697901345,10.721802731015526,0.05763061725784338,True,False
oracle,0.4,122,339.005061652856,3.886986099341385,14.30180473499819,0.04090359278484987,False,False
oracle,0.4,123,322.35364332622174,2.7407134849454033,11.921274441322167,0.04206053800900518,False,False
oracle,0.4,124,305.9786731851548,1.9769961714214974,9.845749690545915,0.032609515376260466,False,False
oracle,0.4,125,308.6935334903806,2.418467370621914,12.550281398371268,0.04468046539611261,False,False
oracle,0.4,126,274.47338748135115,2.7601789918332584,11.9792283247612,0.05417310234626589,True,False
oracle,0.4,127,336.43226384668793,2.9981025719353354,12.65227185450767,0.042262360142697644,False,False
oracle,0.4,128,316.49348713619526,2.9375960924440383,13.355346366353558,0.0519293985941005,True,False
oracle,0.4,129,345.8718967163905,4.188874410088154,14.862349126174733,0.040932019757633636,False,False
oracle,0.4,130,305.66114337588573,2.6814050022659948,12.91297975193258,0.05887582789368853,True,False
oracle,0.4,131,309.01830669920554,2.5647306755862362,11.913768790346174,0.05393993008692697,True,False
oracle,0.4,132,320.0184060448245,2.722642636951997,11.490525090754048,0.05390362218412137,True,False
oracle,0.4,133,292.59288016476404,1.9988035822583905,10.033601789987834,0.040592610780887675,False,False
oracle,0.4,134,314.1400522774552,2.8981692699530814,13.25663323483436,0.04028713113866789,False,False
oracle,0.4,135,302.4047557682073,3.8066087912155537,14.627237439188642,0.030157791398436953,False,False
oracle,0.4,136,318.51995266786986,3.8786543570113285,13.514783869878615,0.030333821965139732,False,False
oracle,0.4,137,273.375610181542,2.4993786272809744,11.183508236717062,0.0418944754241652,False,False
oracle,0.4,138,329.4998551053193,2.7888384832842124,12.53838342361236,0.040248016598727954,False,False
oracle,0.4,139,301.95252674564205,2.2774200797756547,11.919166574196074,0.04471850368432791,False,False
oracle,0.4,140,306.5094123352414,1.9813387336778674,11.039722459007185,0.043158496959149986,False,False
oracle,0.4,141,322.1473131727808,2.906845865216084,11.371105068544622,0.04168982136823365,False,False
oracle,0.4,142,327.21779746805794,4.094311313128299,14.46164892228865,0.03500986706995369,False,False
oracle,0.4,143,310.1067829640726,2.0977929859823967,9.974410872582482,0.03784129375488493,False,False
oracle,0.4,144,293.7822954685905,1.855103242662807,11.648214510138898,0.03346803117448829,False,False
oracle,0.4,145,278.35945988319503,1.9685014254468007,10.506144416605638,0.06144007811528091,True,False
oracle,0.4,146,312.60876442400024,2.04934396274359,11.058430844789731,0.059884241879475206,True,False
oracle,0.4,147,314.4373708910512,3.3354178046933924,12.203767434101918,0.030191958501893913,False,False
oracle,0.4,148,328.8368101039814,2.711254585412448,13.122762739070719,0.06670975211296602,True,False
oracle,0.4,149,321.49523914726586,2.4678224752965146,13.041191749318497,0.05514293162530258,True,False
oracle,0.4,150,285.1307105014575,2.0196608657478845,9.91482986349561,0.04518616781112816,False,False
oracle,0.4,151,336.66180720710025,3.2441884360835624,13.31537255847208,0.02795566816207072,False,False
oracle,0.4,152,301.97477298745343,3.109590045099021,12.44765363198929,0.03392013086457584,False,False
oracle,0.4,153,329.55091744417683,2.740452563643668,12.211324826088958,0.036908856739656284,False,False
oracle,0.4,154,307.75725886192475,3.112808778600348,13.0120455545505,0.03344852301681297,False,False
oracle,0.4,155,304.1370271578753,3.6915197562902,12.334229969859765,0.0320015905348041,False,False
oracle,0.4,156,331.92629377435827,2.4935561638591306,12.51287451964979,0.03687049955417462,False,False
oracle,0.4,157,332.4182462313649,2.7116566454105513,11.255829713044765,0.0357760872151307,False,False
oracle,0.4,158,327.16089476457915,3.4589789779219284,11.62188441540301,0.041088101748680876,False,False
oracle,0.4,159,289.39494503434094,5.493311242159365,16.5882063721526,0.04085434000150962,False,False
oracle,0.4,160,337.4958011938096,4.286430122805928,14.750499105207187,0.031811347243742544,False,False
oracle,0.4,161,325.350398319499,2.3612177771648444,11.43341272084026,0.04811653049646478,False,False
oracle,0.4,162,309.7139399428234,2.5893941139027463,12.304276964085421,0.03949838703435921,False,False
oracle,0.4,163,314.61871384378014,2.7681534602642546,12.325485411981917,0.03800907820230068,False,False
oracle,0.4,164,314.10353251867167,2.8763207411371874,13.933872355913572,0.04565428256149352,False,False
oracle,0.4,165,280.39786117155995,1.9976508032954738,11.293656435343706,0.0380537063940937,False,False
oracle,0.4,166,287.7683273885307,2.0596203447051624,10.600539090356609,0.058377887819995415,True,False
oracle,0.4,167,301.73280380508345,2.7615450103353867,12.103815272653721,0.03576574874906697,False,False
oracle,0.4,168,312.63119862934,2.2290405874796084,12.899403483702116,0.054611264436284765,True,False
oracle,0.4,169,303.35055803326645,1.9284348678576027,11.771781012851948,0.052782650782293196,True,False
oracle,0.4,170,305.09232431141146,1.9985431546934072,12.262365794832492,0.03444322576096572,False,False
oracle,0.4,171,319.01382201942033,3.865048496765328,14.814798477949626,0.052915353673511585,True,False
oracle,0.4,172,322.0787605662844,3.9187628663337426,13.66736512719531,0.028679692793449958,False,False
oracle,0.4,173,295.3526084429137,1.9138728296780878,11.116339634904453,0.040371426096162406,False,False
oracle,0.4,174,275.12484764426637,1.9880940899349908,10.467408748102326,0.06015322314958581,True,False
oracle,0.4,175,312.20930670103473,1.956708847497142,10.238529158306516,0.04613412283965817,False,False
oracle,0.4,176,329.4836530957659,3.121390573816224,13.849792811108323,0.044191512432902036,False,False
oracle,0.4,177,350.83013916713486,4.044412388238103,15.995859311158263,0.027226060154984293,False,False
oracle,0.4,178,310.49971801398584,4.1180342936317595,14.267559153980798,0.03652521941888703,False,False
oracle,0.4,179,315.72807067243787,2.9071087560291047,13.486803951030371,0.04693432444270891,False,False
oracle,0.4,180,288.2807361085508,1.6918191621143042,9.836937680459698,0.03633905364293336,False,False
oracle,0.4,181,284.4968692917597,1.976522077263871,12.619840985379014,0.055413117815469724,True,False
oracle,0.4,182,327.00895810884583,2.0166975421648767,11.599291720562288,0.0642891554449596,True,False
oracle,0.4,183,328.34972396975394,2.573758282844442,10.628661070072452,0.026275671332484492,False,False
oracle,0.4,184,327.93930116772754,2.595541068251293,14.247765915462157,0.03793272739061414,False,False
oracle,0.4,185,313.62956350160334,1.9172943752512797,11.028274648031584,0.040331272238073,False,False
oracle,0.4,186,326.72843515015524,3.1189729727521898,13.512707962902015,0.05231359994004269,True,False
oracle,0.4,187,300.86779780210753,2.9652447906428145,12.566185456462087,0.06578635549920783,True,False
oracle,0.4,188,306.5216008305001,3.0979157750652333,12.876706848532336,0.047887035876195444,False,False
oracle,0.4,189,311.66785672616675,3.682145924046977,12.817105169616562,0.03837989888338454,False,False
oracle,0.4,190,319.02902242183484,4.623413512164417,14.374532994204408,0.03245339692900418,False,False
oracle,0.4,191,321.371921915738,3.934657105639696,17.727170219655296,0.026834468589842328,False,False
oracle,0.4,192,301.51102658806536,2.584807790485372,11.917762732864249,0.03831991626372871,False,False
oracle,0.4,193,317.7337000882579,2.7737163843513715,14.038593481873695,0.050539535009144626,True,False
oracle,0.4,194,302.1542539918211,2.011478036488407,12.120257581681955,0.049784402632809546,False,False
oracle,0.4,195,299.4337214023377,1.9791374767945866,10.324080737436862,0.06257659452400169,True,False
oracle,0.4,196,322.77336422137324,2.8937194689231536,11.221039316513181,0.03153604913547915,False,False
oracle,0.4,197,322.52377629546515,5.270422571746439,14.742753576016595,0.0341273068929443,False,False
oracle,0.4,198,307.5296950158667,5.282619188435371,18.26250234505317,0.043426166106311406,False,False
oracle,0.4,199,326.94151380947994,2.9933477951192864,12.010512745601982,0.03268694625318616,False,False
oracle,0.8,0,72.88140982979836,1.0,4.948519980968879,0.0783309696888965,True,False
oracle,0.8,1,67.79523012327277,1.448147632403743,4.837216940266792,0.07141383678234431,True,False
oracle,0.8,2,42.40471282985251,1.6526291642260342,5.485956147511919,0.045613477831413375,False,False
oracle,0.8,3,90.46993202337372,1.5819770670020565,6.533432569342725,0.08675043009253948,True,False
oracle,0.8,4,93.39140362224923,1.0,4.566190981462986,0.09287936201260703,True,False
oracle,0.8,5,96.57233468548392,1.171890949095735,7.802518308016961,0.04730377689662268,False,False
oracle,0.8,6,110.28200148674175,1.7484289589472384,7.350460759944312,0.08044628166017548,True,False
oracle,0.8,7,117.24406806499901,1.9941394567126656,9.28990931463605,0.045146057871332905,False,False
oracle,0.8,8,63.28409562906464,2.4712627498653723,9.029915469253716,0.057956523968688986,True,False
oracle,0.8,9,114.0422118937876,1.9815063693424015,9.852694609966889,0.05779823768073906,True,False
oracle,0.8,10,141.6902747329724,1.0,7.017779325006803,0.06674943958048588,True,False
oracle,0.8,11,85.46882826994693,1.4808363086057938,5.192868467131342,0.08268282789222946,True,False
oracle,0.8,12,138.21000798796308,1.6461745392769331,6.711436448352697,0.06692439367156652,True,False
oracle,0.8,13,116.17780053782576,1.8777515620304952,6.190336376854503,0.0782936552871271,True,False
oracle,0.8,14,95.8028015200345,1.0,5.380210289461441,0.10142124515366642,True,True
oracle,0.8,15,105.32656851967725,1.4925401827070337,6.955689490324682,0.04261382907671257,False,False
oracle,0.8,16,83.65927537007542,1.7083310251537585,5.7981813936183,0.0678869450219285,True,False
oracle,0.8,17,95.46652091809696,1.2767279993904364,7.153206557822178,0.061463568805280214,True,False
oracle,0.8,18,17.22442823314357,1.0,4.783297886646016,0.09547335645801533,True,False
oracle,0.8,19,49.18532649341622,2.3257763770381192,7.685658148015023,0.04837424241462283,False,False
oracle,0.8,20,74.37559852307321,2.434165318763354,11.43551876148722,0.033539586544564695,False,False
oracle,0.8,21,112.9293363462235,4.290543708392793,10.6257598117578,0.05333101663801673,True,False
oracle,0.8,22,62.30802784847871,1.0,4.123953524334987,0.08701872672369192,True,False
oracle,0.8,23,51.48443566052423,1.0,3.874782294582561,0.09498134938145342,True,False
oracle,0.8,24,60.09175333196959,1.1014833389711336,6.365238621034955,0.07917788450419176,True,False
oracle,0.8,25,38.56926984693969,1.0,3.8283540270337593,0.08296932390671571,True,False
oracle,0.8,26,108.57877556162356,1.3454772146049572,6.07475935732826,0.06662719986147819,True,False
oracle,0.8,27,92.21240149580696,1.0,4.444877601800467,0.07415475048142887,True,False
oracle,0.8,28,84.40797347360997,1.0,3.9955952548355054,0.08594178585146053,True,False
oracle,0.8,29,79.44587169884349,1.0,6.096488372240879,0.0732839737893987,True,False
oracle,0.8,30,84.5726263043604,1.2511314705622614,8.176609670142549,0.03534139106300453,False,False
oracle,0.8,31,117.35180548656984,1.6660164967767874,6.21415165308624,0.0799217609312979,True,False
oracle,0.8,32,105.34631528585045,1.7609057751402304,7.039812659956642,0.06428851464236843,True,False
oracle,0.8,33,109.20050989297967,1.9629224284243791,6.827183437134344,0.04860347567455344,False,False
oracle,0.8,34,71.30749454217649,3.3626845756946135,10.541559898746687,0.030426820822521357,False,False
oracle,0.8,35,118.81962656229702,1.0,4.629836025993877,0.08504650735769435,True,False
oracle,0.8,36,94.7047798431712,1.0,3.7500377686666067,0.09270075443979205,True,False
oracle,0.8,37,114.5472177934734,1.0,6.09956659143599,0.06628217007284914,True,False
oracle,0.8,38,82.8296698438118,1.2065890549255542,5.06306128783814,0.07942127561595314,True,False
oracle,0.8,39,60.25868046504704,1.6024766117932756,5.586387739808227,0.06310217902195124,True,False
oracle,0.8,40,109.30220164467433,1.0319581390226489,7.069937744139388,0.04870623118800802,False,False
oracle,0.8,41,83.64833571253465,1.1703963284678143,5.00388980900339,0.07423210426650564,True,False
oracle,0.8,42,63.61523467850893,1.0,4.426335958854356,0.13631998928367609,True,True
oracle,0.8,43,100.18004588076991,1.0,4.468515613467753,0.10524534815211072,True,True
oracle,0.8,44,103.10841988513562,1.5962066840226479,6.812779951554928,0.04279174267778806,False,False
oracle,0.8,45,70.25101285452445,1.0,4.752812439376662,0.061350659185514134,True,False
oracle,0.8,46,105.83707226242443,1.0,4.68779709483795,0.09308482820025232,True,False
oracle,0.8,47,111.97242308456012,1.6088416490389168,8.062429441368085,0.04648422986460685,False,False
oracle,0.8,48,68.35179166797315,1.517354855741111,4.958758403571894,0.08594633799227808,True,False
oracle,0.8,49,102.67980259051788,1.439249168005737,5.228272826688045,0.11292732549889806,True,True
oracle,0.8,50,99.36850386634988,4.070222779513715,11.724023413859873,0.058005205898243234,True,False
oracle,0.8,51,65.64962910419779,1.210592333207619,5.96723006448766,0.13745862112043164,True,True
oracle,0.8,52,82.6292037742011,1.5319430544926245,7.497115665307636,0.07622214820044373,True,False
oracle,0.8,53,54.69676482830031,1.0084816995995798,3.484292270782116,0.13403594416169676,True,True
oracle,0.8,54,70.09798483073715,1.0,4.841967474629514,0.11848787048736469,True,True
oracle,0.8,55,45.92333972184426,1.0,4.967906237272064,0.08402742141454778,True,False
oracle,0.8,56,53.331774595432236,1.9314919413813871,6.550311248428192,0.04373351586989465,False,False
oracle,0.8,57,89.43492870615086,1.1040991297543283,4.639958801155901,0.07680494919741172,True,False
oracle,0.8,58,82.9372985427313,1.8088764179795638,5.332501849658726,0.10054270534448645,True,True
oracle,0.8,59,84.04636455859318,1.0,5.846954316619837,0.06712999091722165,True,False
oracle,0.8,60,99.21569472517676,1.2516190184256712,5.753521176691796,0.09902361985673383,True,False
oracle,0.8,61,107.33515657094088,3.008875031322055,8.792845252141094,0.03781978581896483,False,False
oracle,0.8,62,110.68697750421039,2.5345261907992507,9.034058088337334,0.051355750203087816,True,False
oracle,0.8,63,76.32168081753376,1.0,5.421077798238579,0.05406501268631225,True,False
oracle,0.8,64,99.98800205927613,1.0,6.487213417984416,0.05155286413678419,True,False
oracle,0.8,65,131.44628099775227,2.0952259673671394,7.000826230251674,0.08730760176741219,True,False
oracle,0.8,66,90.33203559130247,1.0,4.90506394013232,0.07121643155039709,True,False
oracle,0.8,67,109.6497123187645,1.4430432594046891,5.70522502422227,0.09839495411379838,True,False
oracle,0.8,68,73.06607744348929,1.0569926860306773,6.42974060326357,0.10859022824393251,True,True
oracle,0.8,69,74.00574733905133,2.5250024145423233,9.983390861987436,0.033433813448222445,False,False
oracle,0.8,70,71.47233840758518,1.9221094215422285,7.238315236997789,0.0486485180861696,False,False
oracle,0.8,71,124.19793294251483,1.9762910200919175,7.781831778204419,0.04422805651530073,False,False
oracle,0.8,72,98.15650293079095,1.3822639811490092,5.590381222596666,0.06369343920406798,True,False
oracle,0.8,73,98.63452760317152,2.4186718949609203,10.699925195358459,0.04505337562348557,False,False
oracle,0.8,74,43.284933907274265,1.8011507911621385,6.86341355936414,0.046020927474236153,False,False
oracle,0.8,75,86.2981527688631,2.8474044854196103,8.763227272525109,0.03515628724757037,False,False
oracle,0.8,76,109.52372382061115,1.5759909129392644,6.4906949032564185,0.08900838486745022,True,False
oracle,0.8,77,110.03933247365185,1.3508764075425796,5.7045736418205175,0.054104530037531046,True,False
oracle,0.8,78,93.95533199286004,2.3934877471774785,8.056182280455866,0.0643346544055081,True,False
oracle,0.8,79,130.23403376340812,1.972581524237998,7.415266390629723,0.0899994374321981,True,False
oracle,0.8,80,133.757786384841,1.9667476819999652,8.194417298535408,0.05452475390520075,True,False
oracle,0.8,81,125.790452291769,2.2738867052692417,9.56696094588724,0.08627805998880389,True,False
oracle,0.8,82,88.85552586571134,1.644630270931334,7.887009672390857,0.037471513721821316,False,False
oracle,0.8,83,83.67816870014282,3.1619129189473383,9.715468511558539,0.03251743026018284,False,False
oracle,0.8,84,97.52680421919364,1.692811505281123,6.623093124056561,0.07212168722048498,True,False
oracle,0.8,85,9.222129004396955,1.5796201453109564,6.029287529310478,0.03968165716844029,False,False
oracle,0.8,86,76.83810334417309,1.1624228501718454,4.844383820341287,0.07761467177882045,True,False
oracle,0.8,87,88.89307687294126,2.1729799248986548,7.649013412322737,0.07202347419276342,True,False
oracle,0.8,88,129.53599219941086,1.5869901949445664,7.241513085702083,0.051258177055488685,True,False
oracle,0.8,89,91.76369884675232,2.4942502206083774,9.125060067179838,0.046485019762646615,False,False
oracle,0.8,90,116.4102509573978,1.508051496017085,6.006723047333519,0.05260013672599625,True,False
oracle,0.8,91,149.6767110916913,1.9625659710205645,7.025217811175025,0.06518685168547184,True,False
oracle,0.8,92,108.902499671976,1.7197682360457032,5.401919090229712,0.09646735302780106,True,False
oracle,0.8,93,127.11821780772304,1.0,6.394967506236943,0.06575672548694451,True,False
oracle,0.8,94,112.07864021659795,3.175824866399564,10.1510080431961,0.05086123529310638,True,False
oracle,0.8,95,101.55433734707104,1.0,5.202951767752306,0.10574184738390391,True,True
oracle,0.8,96,90.52646588266542,1.0,5.725924874894068,0.05775092943175447,True,False
oracle,0.8,97,28.09744658259681,1.3561157425266968,6.220214368769627,0.1384194491717508,True,True
oracle,0.8,98,97.89108918558937,1.0,4.333770774272158,0.07283526747939129,True,False
oracle,0.8,99,29.10943407174485,2.3031617336180514,7.775183951454498,0.05323430514285226,True,False
oracle,0.8,100,76.33142641100429,1.0,4.429855723859682,0.08878920093428,True,False
oracle,0.8,101,89.52565512967952,1.5857948224178444,6.180738536838291,0.06969312131875091,True,False
oracle,0.8,102,109.22156996950852,1.4238040820328846,6.3690516455869,0.06859938115298596,True,False
oracle,0.8,103,116.25851958090342,1.1286096205276699,6.8131492465536,0.062100491348473084,True,False
oracle,0.8,104,54.26624758001755,1.1238380174763756,4.887173453702106,0.09345796989845692,True,False
oracle,0.8,105,113.4968240255375,1.0,5.778674886394711,0.10470394435786856,True,True
oracle,0.8,106,81.20731827173532,1.2155471845144221,4.707959408744463,0.06107886934294328,True,False
oracle,0.8,107,82.65554283841384,1.0,4.727770238520005,0.10415974625521213,True,True
oracle,0.8,108,120.77855706434265,1.5465095796239448,6.003029387782682,0.05614271294957257,True,False
oracle,0.8,109,87.44215236338779,2.3306317874035503,9.194282100786175,0.046918453544094726,False,False
oracle,0.8,110,36.20546033075261,1.1748579556689032,4.939644082173978,0.13559804617498813,True,True
oracle,0.8,111,118.40424206755935,1.3375111424313435,7.214022647657661,0.07310853566947323,True,False
oracle,0.8,112,94.04451409011513,1.2767518957775372,5.372366775030994,0.06460807395467492,True,False
oracle,0.8,113,122.39114321660905,1.7108933540688285,7.174149557462902,0.03579038403849246,False,False
oracle,0.8,114,116.23293292583641,1.0,5.309264927709428,0.07197459337359781,True,False
oracle,0.8,115,130.22265043687455,2.5113805018365474,7.042536315350908,0.06175328298394216,True,False
oracle,0.8,116,87.9644864432398,3.362746907859213,10.05031677532799,0.03850450315937445,False,False
oracle,0.8,117,102.17997711517226,2.337077315808884,8.175005932743444,0.03506323441663511,False,False
oracle,0.8,118,75.04688557713372,2.0947570166018172,9.291215904520335,0.025204862204478862,False,False
oracle,0.8,119,108.78304601628403,1.5029346694889196,6.35857959546359,0.051931414008240834,True,False
oracle,0.8,120,101.53847111272069,1.0,4.789497225040581,0.0924866418536438,True,False
oracle,0.8,121,65.0831666329111,1.0,4.239496931414723,0.1329964850236333,True,True
oracle,0.8,122,149.23225436599876,1.9713350474785272,7.4630441043183255,0.0644341046988005,True,False
oracle,0.8,123,121.21513343131662,1.4981336659136102,6.085574080053894,0.06246908807762534,True,False
oracle,0.8,124,69.12038731627221,1.1242626252539236,4.568638019410461,0.10936701181286149,True,True
oracle,0.8,125,101.93589449829685,1.586011235829525,6.136580645978656,0.07290310047808315,True,False
oracle,0.8,126,16.617784643636362,1.5787918112854775,6.777532040407439,0.13069661049038503,True,True
oracle,0.8,127,136.0126222287096,1.6252766354140322,6.606973523591407,0.07770964005379853,True,False
oracle,0.8,128,93.4695954589216,1.6330777171721849,7.2812482019268465,0.07043473137808426,True,False
oracle,0.8,129,158.59545111509357,1.8015460724568586,8.649336254461641,0.06437993674918754,True,False
oracle,0.8,130,92.78661081486545,1.0503073609342233,5.778325364681148,0.09970114627013045,True,False
oracle,0.8,131,101.01007774829944,1.035955345992101,4.905015625826252,0.08425676022841322,True,False
oracle,0.8,132,114.42733877808611,1.0,5.571579633787956,0.07533769374144136,True,False
oracle,0.8,133,69.76807276869773,1.7622125427540696,5.069939439819453,0.09867371007258119,True,False
oracle,0.8,134,112.55214979739476,1.3140040333248955,7.465151885071199,0.06997815499691036,True,False
oracle,0.8,135,80.87427809898519,1.9161777646676206,8.95821712855664,0.03843968041182611,False,False
oracle,0.8,136,74.79431594211589,1.9081403171042244,7.670294480172001,0.04056213699467047,False,False
oracle,0.8,137,40.07333635100243,1.040346142771069,4.630744873188664,0.04800378677526348,False,False
oracle,0.8,138,109.202133134146,1.7761839418520946,6.816965341207197,0.08147375369481473,True,False
oracle,0.8,139,83.00074823377204,1.0,5.242434737063297,0.07806083120312421,True,False
oracle,0.8,140,99.57978060754292,1.6171574954388426,5.634744915805379,0.07019647890892236,True,False
oracle,0.8,141,118.35629723991644,1.7715704787209623,5.709578985230852,0.059136622389748365,True,False
oracle,0.8,142,143.57810651817033,1.3365927226566718,7.163581395942707,0.06338652341739917,True,False
oracle,0.8,143,98.0274985796926,1.442069006928539,4.204695471224705,0.09180608818191871,True,False
oracle,0.8,144,82.59210692597964,1.0,4.644110331538679,0.0719920091752113,True,False
oracle,0.8,145,48.020737993678395,1.0011430959784968,3.8806116148103684,0.1389976551179897,True,True
oracle,0.8,146,87.04331131871828,1.896590756442152,5.012440414401118,0.14393139452971648,True,True
oracle,0.8,147,105.02994139941278,1.0,5.826847385368506,0.05812087355012979,True,False
oracle,0.8,148,115.44526016654383,1.0,5.669545704343614,0.0923106431546618,True,False
oracle,0.8,149,103.37795269305394,1.0937860577926872,5.4359729930057465,0.11209604343916206,True,True
oracle,0.8,150,73.51429058662079,1.0273120256271888,4.180218062560422,0.08558501512967503,True,False
oracle,0.8,151,130.2376249528794,1.461099895168454,5.788103106774914,0.04711326052257756,False,False
oracle,0.8,152,72.56141011085971,1.282086844324014,6.107824963635822,0.08944800106943633,True,False
oracle,0.8,153,135.62494317867987,1.0,5.605697972102835,0.06198231202031979,True,False
oracle,0.8,154,114.72615465145232,1.614856566716113,6.64170835379713,0.050784822656854536,True,False
oracle,0.8,155,88.8743916240345,2.3342708985478233,7.862747169064399,0.03751716593288973,False,False
oracle,0.8,156,111.40911796005551,1.0,5.716756458037443,0.05981909715491306,True,False
oracle,0.8,157,146.01227937967548,1.0,6.795043521091479,0.0665207021620408,True,False
oracle,0.8,158,113.68201981645952,1.5711517616682635,6.171077802863271,0.055605740938015305,True,False
oracle,0.8,159,72.94361430976464,2.997462003757598,9.459256711370829,0.06418888986210505,True,False
oracle,0.8,160,144.7672456216497,1.7743758159261735,7.731820910272885,0.050582804959673475,True,False
oracle,0.8,161,102.80179422966077,1.3669037191815339,5.0817673533523635,0.0719690084345425,True,False
oracle,0.8,162,88.4395130800182,1.3255986253554515,5.4598820176715845,0.0858389591706239,True,False
oracle,0.8,163,101.35966665940677,1.0,5.341579111737648,0.0831315498731241,True,False
oracle,0.8,164,83.19683493867537,1.3389606528332905,6.873204028850157,0.07071107546344131,True,False
oracle,0.8,165,38.21638157108462,1.4261420096353927,4.922022269425156,0.049192871885130864,False,False
oracle,0.8,166,65.36897615657456,1.1136948164233789,4.717210447917079,0.11444626895272977,True,True
oracle,0.8,167,88.12226139225073,1.0,5.0370995372321365,0.0571090235284698,True,False
oracle,0.8,168,83.86560553852635,1.409819939386907,5.974173201983402,0.11888785531465075,True,True
oracle,0.8,169,50.066766007048116,1.0,4.848310973322614,0.08254056424372264,True,False
oracle,0.8,170,46.62325374765415,1.714104266423931,5.949934564887981,0.05279358738557323,True,False
oracle,0.8,171,109.32963007647793,1.8257630726096925,7.934404428356427,0.08121423618018009,True,False
oracle,0.8,172,117.23794997022318,1.557439773646239,6.247505735506509,0.058050536444091944,True,False
oracle,0.8,173,65.44673036803135,1.0,4.3065154535266075,0.07058427170315447,True,False
oracle,0.8,174,48.963053498352,1.281063201350273,4.232001980191983,0.09683524571512413,True,False
oracle,0.8,175,84.27716837927849,1.4580135157787937,5.547418836406659,0.09588437827419788,True,False
oracle,0.8,176,144.7020344648907,1.1875288350027464,6.379466503092012,0.06369118662418165,True,False
oracle,0.8,177,172.45283303022467,1.0808333302790327,7.291966192596644,0.041582180502030754,False,False
oracle,0.8,178,108.73051343648096,1.998972658949929,8.282095212478566,0.05652718826470829,True,False
oracle,0.8,179,110.44537400990812,1.283130159613903,5.707331962199052,0.09690326208122851,True,False
oracle,0.8,180,56.072218959461274,1.0,3.084377317942354,0.09938828314923379,True,False
oracle,0.8,181,45.74450367136003,1.0,5.596836321520608,0.14317332087575024,True,True
oracle,0.8,182,99.77117762224506,1.0416973088775232,6.484892700213657,0.12025234040570236,True,True
oracle,0.8,183,124.438343715494,1.3677715083613091,5.478253252613601,0.04732156438646255,False,False
oracle,0.8,184,108.7553807414311,1.736711156861255,8.14506829057282,0.07391439560751885,True,False
oracle,0.8,185,88.50521206729215,1.0984183230581523,5.9731572403800905,0.05009664242051068,True,False
oracle,0.8,186,104.241178076514,1.4537457218860768,7.583049143835544,0.1073425487972449,True,True
oracle,0.8,187,40.11201307769636,1.5687675170889055,5.885833474596339,0.18965915090899102,True,True
oracle,0.8,188,84.77621711665229,1.85296945028546,6.671512566204596,0.048467459222756595,False,False
oracle,0.8,189,115.05866429273014,1.752041599684447,6.288498074631703,0.06942489121175988,True,False
oracle,0.8,190,106.92652327867394,1.928468071760642,9.369682957962969,0.047121091520173006,False,False
oracle,0.8,191,105.2544193568685,3.199175059675191,14.262763175268434,0.03493977952407524,False,False
oracle,0.8,192,78.96673305987288,1.4199572605923592,6.2225470282150255,0.06470601503484562,True,False
oracle,0.8,193,94.2299291503557,1.0,5.799574045607727,0.09317452378376918,True,False
oracle,0.8,194,94.73159556674351,1.6093848223783622,6.390378291322932,0.07293124947793464,True,False
oracle,0.8,195,65.30878803527946,1.1761303491456991,3.8337066258192287,0.12635851134667916,True,True
oracle,0.8,196,125.13541300793538,1.2164798083688784,5.668845504563678,0.05812874611802728,True,False
oracle,0.8,197,102.46953246934613,2.7179247197571916,9.467746939441417,0.039356150168793916,False,False
oracle,0.8,198,78.5124057072378,2.2530602570861804,11.149245867665448,0.06308100260714401,True,False
oracle,0.8,199,119.76558889424179,1.72169526313661,6.209151806163344,0.06622278771923301,True,False
oracle,1.2,0,17.430421751240782,1.0,2.319776705524192,0.131079785913366,True,True
oracle,1.2,1,16.010278599830656,1.1219026265302665,2.4273801343865515,0.14585799497185498,True,True
oracle,1.2,2,7.656291339804246,1.2807315316964443,2.884988109837539,0.04592106055626423,False,False
oracle,1.2,3,27.890210719131392,1.1670875440349784,3.9443015061145816,0.12782822523436826,True,True
oracle,1.2,4,29.33408245099074,1.0,2.555277494820505,0.14408431010131814,True,True
oracle,1.2,5,21.011646868065466,1.0,3.3868596966772575,0.0683323829560828,True,False
oracle,1.2,6,37.73093996378757,1.30745383364846,3.9353399135515206,0.11977827475591799,True,True
oracle,1.2,7,43.59366224156635,1.4653798153144912,5.162133604714359,0.05214854055145413,True,False
oracle,1.2,8,12.441227178107892,1.5336701285069216,4.566447976690686,0.07480070414299707,True,False
oracle,1.2,9,48.23989139380436,1.5175247620536516,5.155932517144938,0.07693446463016387,True,False
oracle,1.2,10,60.23956405584356,1.0,3.527708162661521,0.10846749332338683,True,True
oracle,1.2,11,20.089913891094813,1.1654570355826332,2.8124576740060796,0.12828495932001577,True,True
oracle,1.2,12,57.71764549813641,1.0898712572868248,4.070836843740701,0.09874882927911505,True,False
oracle,1.2,13,38.50368997748188,1.4033772246593097,3.671533919058408,0.12363561486101447,True,True
oracle,1.2,14,23.002978890626352,1.0,3.125592576977988,0.16417892518555904,True,True
oracle,1.2,15,19.851112892260534,1.1683769495928642,3.843875471152021,0.0600167836701739,True,False
oracle,1.2,16,25.547993868355277,1.322992668756958,3.0848004357208296,0.13725945153682476,True,True
oracle,1.2,17,23.186246724929997,1.0,3.733153232215603,0.07615117799321255,True,False
oracle,1.2,18,2.367580338445334,1.0,1.9293881002923883,0.11858966380046773,True,True
oracle,1.2,19,11.287706590219987,1.715491575317375,3.6603466893388488,0.05407560749428603,True,False
oracle,1.2,20,12.142528414001323,1.3869802214445053,5.268671610660535,0.025560775044669512,False,False
oracle,1.2,21,47.30780761090156,2.3543070261775476,7.5395010854229785,0.06274626241717887,True,False
oracle,1.2,22,13.154964427432953,1.0,1.8965542755625344,0.17903380741042266,True,True
oracle,1.2,23,7.764384753395916,1.0,2.013020129927225,0.18713033877973587,True,True
oracle,1.2,24,13.61856617298472,1.0,3.6182575116717834,0.11581519706340156,True,True
oracle,1.2,25,5.780492859623183,1.0,1.8330923602903009,0.11870650875109667,True,True
oracle,1.2,26,30.757194521801917,1.1132522380646444,2.6552213112340484,0.0874056590538653,True,False
oracle,1.2,27,25.524675243679265,1.0,2.317673502769507,0.15494888597336928,True,True
oracle,1.2,28,27.171657605223675,1.0,2.102729849065942,0.147897864571273,True,True
oracle,1.2,29,17.300309863471067,1.0,3.520698997878463,0.10995662063762694,True,True
oracle,1.2,30,18.159533296522735,1.0382246933165855,3.537141133041158,0.03037233418014124,False,False
oracle,1.2,31,39.82923848670815,1.3073798334543578,3.4366666285391307,0.1221791027300865,True,True
oracle,1.2,32,29.8693624604958,1.2474672104911653,3.9916003692920556,0.08498413823935361,True,False
oracle,1.2,33,34.72094605087928,1.6935095516961818,3.906407594392239,0.061943383073981194,True,False
oracle,1.2,34,12.824404303700552,1.564057473414279,5.182208271984009,0.023822682415578653,False,False
oracle,1.2,35,43.35129750598296,1.0,2.906887546483078,0.12476186157110587,True,True
oracle,1.2,36,23.69063171102983,1.0,2.184832851189262,0.18663233177405492,True,True
oracle,1.2,37,31.66092195228692,1.0,3.224123382118888,0.11545471561877768,True,True
oracle,1.2,38,24.468131628675785,1.005771394657032,2.5288174566888735,0.15110174150687392,True,True
oracle,1.2,39,12.09255007350466,1.1202903200260952,2.8969269973933978,0.07896760165655373,True,False
oracle,1.2,40,26.908257239803298,1.0,2.967367143695447,0.06864472820102319,True,False
oracle,1.2,41,24.408345189505106,1.0145485937811087,2.530165944465197,0.13937096881307076,True,True
oracle,1.2,42,13.379076249200514,1.0,1.9262157381298182,0.3118243393004399,True,True
oracle,1.2,43,30.651059352479024,1.0,2.3376803445105216,0.1965631909959955,True,True
oracle,1.2,44,37.50386122894508,1.0364683343337608,4.155519042182968,0.06238716153588792,True,False
oracle,1.2,45,18.916280950614908,1.0,2.3571891315523863,0.08741738706281993,True,False
oracle,1.2,46,33.1117579998607,1.0,2.7097717918424298,0.16219950428072016,True,True
oracle,1.2,47,39.63470631142528,1.0,4.3814796889988195,0.052224334342899255,True,False
oracle,1.2,48,20.70200041581927,1.1141195173478986,2.2066497017728137,0.16170922855911285,True,True
oracle,1.2,49,37.79184014820127,1.091483997129358,2.603621692311862,0.15979102604475123,True,True
oracle,1.2,50,36.06696797768006,2.303784240097322,7.749583656203659,0.07562473472738253,True,False
oracle,1.2,51,13.903310677753026,1.0,3.1447717492079312,0.28451794760641275,True,True
oracle,1.2,52,19.34501648735359,1.09402056943644,4.381658092766196,0.12984451072243242,True,True
oracle,1.2,53,11.063553998658945,1.0,1.9091503947183026,0.2549453968736152,True,True
oracle,1.2,54,13.152156337177802,1.0,2.6851991719266843,0.23526400722511348,True,True
oracle,1.2,55,8.142791225063759,1.0,2.1819553475086333,0.18881028304208627,True,True
oracle,1.2,56,8.716030376175846,1.561195885990188,3.050823994402377,0.05638656688990797,True,False
oracle,1.2,57,29.984894274944747,1.0,2.489352192606863,0.1341668778457005,True,True
oracle,1.2,58,20.7227377510495,1.4546220900299172,2.943732345093586,0.13578396277707216,True,True
oracle,1.2,59,21.488869396921714,1.0,3.454965340025122,0.128898160673434,True,True
oracle,1.2,60,33.17007963072802,1.0661599225368832,3.057400963883987,0.14706646264072612,True,True
oracle,1.2,61,40.05542367977117,2.213923081681175,5.031807336224484,0.03695840006935569,False,False
oracle,1.2,62,36.46080231482093,1.8498388586701895,5.771157091067334,0.06310554366807433,True,False
oracle,1.2,63,15.149895342857253,1.0,2.376137316152549,0.08344164268647107,True,False
oracle,1.2,64,28.62840375702721,1.0,3.32452660057462,0.08739248981697047,True,False
oracle,1.2,65,47.138565256566125,1.4711661433053929,4.335611874084491,0.1323230002164884,True,True
oracle,1.2,66,31.73534895211516,1.0,2.8685966121550637,0.11766565310957812,True,True
oracle,1.2,67,32.14871568432086,1.0586181406904354,3.105957105814968,0.14010826311317526,True,True
oracle,1.2,68,11.358030619919875,1.0,2.86179551342324,0.2716204129973982,True,True
oracle,1.2,69,16.60801761352682,1.9955914932030743,5.356834337356766,0.03200607018812499,False,False
oracle,1.2,70,11.200381832818133,1.4755398318758735,3.9288724244845774,0.0616674368648872,True,False
oracle,1.2,71,46.45261748008933,1.5308800713906359,4.517992110362093,0.07966960897659978,True,False
oracle,1.2,72,29.419480140039663,1.0213184277978122,3.281849139587219,0.11503933804250215,True,True
oracle,1.2,73,28.79149317724582,1.4474599408861544,6.60149273366481,0.040648755519932245,False,False
oracle,1.2,74,5.760833392345311,1.2619120971876487,3.4416188817332474,0.0642152312384806,True,False
oracle,1.2,75,19.921029607319156,1.8279147695852254,4.98794911821917,0.04272514567638885,False,False
oracle,1.2,76,34.334134027689295,1.1349616301709493,3.3346461824020914,0.11602051828377985,True,True
oracle,1.2,77,31.81433889995597,1.0218143500477141,3.600344563325958,0.08810928502459667,True,False
oracle,1.2,78,27.171619413937645,2.0362813876694967,4.456506203289489,0.08867664033976363,True,False
oracle,1.2,79,44.175398909454955,1.2848571715775008,4.272305456763494,0.12888430765476563,True,True
oracle,1.2,80,55.64900823409108,1.2060843995397135,5.284721617102879,0.0717164768999326,True,False
oracle,1.2,81,56.18868275952911,1.7189620394672323,5.729653553884134,0.12369713690314511,True,True
oracle,1.2,82,21.225109290806927,1.084945180079262,4.315362920025459,0.050327185286126855,True,False
oracle,1.2,83,22.480440203785747,1.847866538580108,3.7055732418365803,0.03472868476764882,False,False
oracle,1.2,84,31.725280179498036,1.2247475436766033,3.3896888153659397,0.12723443330119383,True,True
oracle,1.2,85,1.5701214963979686,1.049233757382014,1.7238509108179132,0.019209007690370712,False,False
oracle,1.2,86,19.333734348183015,1.0,2.41887832716505,0.13812751774955456,True,True
oracle,1.2,87,18.229507414147854,1.459594623688324,4.166087079182623,0.07931230078899432,True,False
oracle,1.2,88,49.12147760653282,1.1620567584368664,3.3452418105748007,0.0757857618612673,True,False
oracle,1.2,89,24.39096147847836,1.5959887353433788,5.15146550501971,0.04309398459150313,False,False
oracle,1.2,90,43.5012056575307,1.202957741009647,3.554642273645598,0.09959164061788042,True,False
oracle,1.2,91,66.05557900211815,1.3828643148000186,4.5572217617819755,0.0969061118622464,True,False
oracle,1.2,92,39.52860421955214,1.2277339115289683,3.1179863160914985,0.1486348595599088,True,True
oracle,1.2,93,39.72654905896542,1.0,3.160322219637443,0.10323647329810243,True,True
oracle,1.2,94,28.57616767885939,1.740592014176582,5.956699603257183,0.05742524607208906,True,False
oracle,1.2,95,35.129081567083375,1.0,2.627069641574129,0.19481013505182557,True,True
oracle,1.2,96,31.785791302174086,1.0,3.1831837835491,0.09605343234057327,True,False
oracle,1.2,97,3.0637652144012346,1.033809482486812,2.977541717950116,0.30409517312855466,True,True
oracle,1.2,98,33.879200395238975,1.0,2.5524381462194388,0.12182186980573931,True,True
oracle,1.2,99,4.746138751284865,1.693216080126279,3.178748875369689,0.039124871593511204,False,False
oracle,1.2,100,19.241333599044793,1.0,2.193386882614339,0.15332068029582843,True,True
oracle,1.2,101,19.939490220930466,1.1570845700839074,3.1462900994447476,0.11419273087170356,True,True
oracle,1.2,102,38.89532644431727,1.1163949835274347,3.132036359492253,0.10106527432828832,True,True
oracle,1.2,103,40.20901588888498,1.0144978964522378,3.8885636299481647,0.08787801728731104,True,False
oracle,1.2,104,9.692357463827383,1.0156202948891047,2.3947017502429895,0.19268591954476005,True,True
oracle,1.2,105,36.51485779894855,1.0,3.5154397673834383,0.18276950744792317,True,True
oracle,1.2,106,19.10925308974657,1.0,2.3899259942314197,0.10601634612424633,True,True
oracle,1.2,107,18.27083927253312,1.0,2.45827931008195,0.23187813235043264,True,True
oracle,1.2,108,34.90554934230314,1.2417536449691162,3.580290504899034,0.0806307379986341,True,False
oracle,1.2,109,16.73891665987643,1.987913860031512,4.952853458158639,0.05952993736315486,True,False
oracle,1.2,110,4.199276608227634,1.051082829562904,2.5606719878548474,0.3348739850597184,True,True
oracle,1.2,111,41.70311657483436,1.058899027636389,3.2781166619095634,0.13794725508228126,True,True
oracle,1.2,112,36.45367314925724,1.0,2.9111917084924808,0.09831552183290958,True,False
oracle,1.2,113,49.377822724203405,1.1217680217531505,4.1637218219240735,0.043085587228997184,False,False
oracle,1.2,114,32.492776716230274,1.0,3.121381968051962,0.1325089454113478,True,True
oracle,1.2,115,48.55643073807448,1.9939264237292829,4.486774008542249,0.07021940298226689,True,False
oracle,1.2,116,23.05053491335092,2.3985306053435465,6.877452960444838,0.04545371713949908,False,False
oracle,1.2,117,33.895983094784796,1.5542005892797606,4.7506056009716,0.04487777001089365,False,False
oracle,1.2,118,17.382564133516347,1.2189751962020645,4.782114794681557,0.024818226385467886,False,False
oracle,1.2,119,26.988801842541108,1.2126527296681453,3.7328558600828847,0.0728806082809357,True,False
oracle,1.2,120,33.97365192588152,1.0,2.581701805455488,0.11883166615326679,True,True
oracle,1.2,121,13.693637119310262,1.0,1.991952312767066,0.24076988957871243,True,True
oracle,1.2,122,64.26388566304175,1.0470389284295727,4.082340756042548,0.09387536581128858,True,False
oracle,1.2,123,44.123870847368295,1.156709982448568,3.8503041793558834,0.09055557232116543,True,False
oracle,1.2,124,12.741627818424597,1.0074697779582729,2.400679534677668,0.2574745267065726,True,True
oracle,1.2,125,35.91209939064368,1.120668485392716,3.2242602764258304,0.11336177022891693,True,True
oracle,1.2,126,2.055166184978709,1.0233474436221786,3.4746669880823573,0.24071972580121254,True,True
oracle,1.2,127,48.49965604939258,1.3989737649718073,3.535063406881191,0.12423305717611809,True,True
oracle,1.2,128,28.860801907711664,1.1209393755709436,3.988202508382312,0.11613236704388105,True,True
oracle,1.2,129,70.33739505893018,1.3410236080352127,4.679389007546973,0.09152847922720435,True,False
oracle,1.2,130,29.571832270032118,1.0,2.6743502991701247,0.1944407891124779,True,True
oracle,1.2,131,33.9206096760621,1.0,2.493811665946354,0.133635101513387,True,True
oracle,1.2,132,39.590809933606124,1.0,3.033738554056851,0.09331538166461571,True,False
oracle,1.2,133,16.225996487697852,1.326669244676163,2.894672040776036,0.1883574230256233,True,True
oracle,1.2,134,41.13150872605227,1.0,4.126600188226649,0.11361492178659865,True,True
oracle,1.2,135,20.532749929707332,1.2622209581944501,4.382512421965284,0.042261617234846324,False,False
oracle,1.2,136,10.400071624251375,1.2093790229040002,3.4954553451153156,0.04527434763373623,False,False
oracle,1.2,137,6.316715309932695,1.0,2.237465362120804,0.052375986388081115,True,False
oracle,1.2,138,34.68537434475142,1.2014412299864123,3.8312097117809127,0.14514368967121255,True,True
oracle,1.2,139,21.829516598287242,1.0,2.9239159971114934,0.12518191128653028,True,True
oracle,1.2,140,34.130307365961215,1.163778732767805,3.076818924719597,0.09247246231175571,True,False
oracle,1.2,141,39.09815922484911,1.5632211743757831,3.3358641614200817,0.069837789768678,True,False
oracle,1.2,142,61.7028525981961,1.0,3.8591941797424507,0.09617717116061465,True,False
oracle,1.2,143,32.15530070802569,1.1259242289817841,2.5376973219815806,0.18293035256741108,True,True
oracle,1.2,144,25.306769663554473,1.0,2.4048583570992887,0.11620879558564406,True,True
oracle,1.2,145,9.001884973007174,1.0,1.9306798228950797,0.2506406986240959,True,True
oracle,1.2,146,23.276180290224893,1.411043504082395,2.807782420592067,0.26032407750551523,True,True
oracle,1.2,147,34.91779906023476,1.0,2.876530326270406,0.1056540924447295,True,True
oracle,1.2,148,41.765680609415355,1.0,3.2166584486011853,0.12923154276166474,True,True
oracle,1.2,149,30.342428246964367,1.0,2.8877737814170983,0.16367745628137276,True,True
oracle,1.2,150,22.16890461921633,1.0,2.0672252158776288,0.12219235695808287,True,True
oracle,1.2,151,43.12754987706518,1.0780160403257177,3.207707435787216,0.07619522911333233,True,False
oracle,1.2,152,16.626624453236115,1.027856221196635,2.841768025523427,0.17814035470006812,True,True
oracle,1.2,153,56.59978158101601,1.0,2.7300132298107687,0.09026709529798009,True,False
oracle,1.2,154,47.03820943322309,1.0,3.090752516208161,0.07194608736539045,True,False
oracle,1.2,155,25.438208164565715,1.5828054051340497,4.17814166664136,0.03723083838177281,False,False
oracle,1.2,156,26.136490980223748,1.0,3.3706863720813858,0.08592081297839858,True,False
oracle,1.2,157,58.98355107574696,1.0,3.665038552738003,0.11220850032880272,True,True
oracle,1.2,158,36.383563208472744,1.1301315184687946,4.009573771878535,0.10402991917957516,True,True
oracle,1.2,159,21.11396798145628,1.6185940681978612,6.231755523992453,0.06921456427470014,True,False
oracle,1.2,160,57.416997929969575,1.0,3.498945007893086,0.08162216865616492,True,False
oracle,1.2,161,27.382330322075727,1.05934463174727,2.7256784436442376,0.10785301588246525,True,True
oracle,1.2,162,26.787579703633707,1.0,2.8613384299990314,0.14592913328928364,True,True
oracle,1.2,163,30.720364393193144,1.0,2.6663659329030693,0.14988400196001994,True,True
oracle,1.2,164,17.0851759567328,1.0476565177547594,3.273495909549733,0.0904482465187158,True,False
oracle,1.2,165,5.626059917200218,1.250498838857749,2.7880229252882804,0.06925816257540601,True,False
oracle,1.2,166,18.116488877268715,1.0,2.5412793942129026,0.186999514744576,True,True
oracle,1.2,167,25.87578409570909,1.0,2.6984886961921104,0.08912081824600433,True,False
oracle,1.2,168,16.256729911606627,1.0950835143383693,2.8977988580244007,0.21780116608568761,True,True
oracle,1.2,169,7.395358906240517,1.0,2.0941802614756857,0.1205819428526864,True,True
oracle,1.2,170,5.406831682429628,1.2695370918151825,3.0415138195918456,0.048538338699301985,False,False
oracle,1.2,171,30.186767714936764,1.1299125840843331,3.8837900550296247,0.10047778553321049,True,True
oracle,1.2,172,38.484922132257616,1.0,3.5551785108678233,0.11016908050622135,True,True
oracle,1.2,173,14.35232464156254,1.0,1.9621882332935625,0.11625235905094686,True,True
oracle,1.2,174,8.39258407082279,1.0,2.244019025780612,0.11343578022574931,True,True
oracle,1.2,175,21.113254685860642,1.0693899026103162,3.3466742143441337,0.193712382511621,True,True
oracle,1.2,176,66.68038688300472,1.0,3.210736843864468,0.09596583064498745,True,False
oracle,1.2,177,86.00886209824135,1.0,4.366204329734666,0.06726219499832607,True,False
oracle,1.2,178,34.95453682344933,1.4340209781373423,4.313853651458608,0.06908949856298388,True,False
oracle,1.2,179,38.5047627149462,1.0107654568151925,2.9965358916192164,0.16529880533312713,True,True
oracle,1.2,180,12.26199600403736,1.0,1.683858745146121,0.20451643310411233,True,True
oracle,1.2,181,7.889177737038162,1.0,2.7170587696535424,0.3081733197683732,True,True
oracle,1.2,182,24.21321805996467,1.0,2.4416864077374085,0.22089639412520004,True,True
oracle,1.2,183,41.06767383311875,1.1499377770733736,2.928195665711257,0.07702884781821517,True,False
oracle,1.2,184,33.99930970784363,1.0,3.749092029551862,0.11024878794384234,True,True
oracle,1.2,185,21.381370224284943,1.0,2.735289217760647,0.0838100188502834,True,False
oracle,1.2,186,26.918380945129837,1.0019885447620658,3.347130953338189,0.20194111171485113,True,True
oracle,1.2,187,4.267163311882452,1.1668634252611911,4.358866038182902,0.45433957237663875,True,True
oracle,1.2,188,20.76528469474179,1.4156021395620604,3.609300335313033,0.05769260644585468,True,False
oracle,1.2,189,41.47275681619753,1.1547236003428936,3.110965873776652,0.09794970905912924,True,False
oracle,1.2,190,33.206731063696516,1.4032254226931378,5.906716666306325,0.05724900592003375,True,False
oracle,1.2,191,33.22173032039527,2.125564693866821,9.451129195349647,0.03759587719338388,False,False
oracle,1.2,192,17.578369286428284,1.1603648878441315,2.967690939335438,0.08195324104998264,True,False
oracle,1.2,193,25.555378414652473,1.0,2.6842296321820354,0.1603381625690795,True,True
oracle,1.2,194,33.72024471750295,1.2356512819116032,3.6105839305454657,0.11330992865098545,True,True
oracle,1.2,195,12.250639150442021,1.0,2.30587891942205,0.22882881556323922,True,True
oracle,1.2,196,50.81419015428285,1.0,2.9624754859698768,0.09510522002578169,True,False
oracle,1.2,197,27.558337439502527,1.5968852462132124,4.442773034485388,0.044037204928299135,False,False
oracle,1.2,198,21.264233462952465,1.4825839252712811,5.8351282601953836,0.07655240731569302,True,False
oracle,1.2,199,40.66438257614391,1.4601481347630207,3.6753650272537373,0.11077891316802208,True,True
oracle,1.6,0,7.084871515510025,1.0,1.4916828391743842,0.17547064524335182,True,True
oracle,1.6,1,6.427368169177348,1.0302030326813598,1.5855127176513797,0.22851644887843825,True,True
oracle,1.6,2,3.182425194757379,1.309041462417741,2.2177127900195504,0.026618138070517133,False,False
oracle,1.6,3,12.80534349674515,1.023391805834537,2.150262738096711,0.17088819365069113,True,True
oracle,1.6,4,12.875617763079841,1.0,1.984397732075461,0.19215127938994808,True,True
oracle,1.6,5,6.097579058905752,1.0,1.9920484251077992,0.07549339169129514,True,False
oracle,1.6,6,17.71639463472381,1.0208848778855983,2.202561936834282,0.15106382850287364,True,True
oracle,1.6,7,20.010209881390168,1.0932196947080954,3.551202200179815,0.05473338559868492,True,False
oracle,1.6,8,4.210888853899514,1.1459439863673542,1.8891950757809783,0.06786429883918871,True,False
oracle,1.6,9,27.33968982917505,1.217950253255001,3.5215584011663768,0.09169762367811955,True,False
oracle,1.6,10,30.04628777921941,1.0,2.0978754061250156,0.16162558514185354,True,True
oracle,1.6,11,6.635185491988748,1.045626016501294,2.0533268843496857,0.16482454904307223,True,True
oracle,1.6,12,28.30198461360653,1.0230721683275479,2.818240435110807,0.1306005706500331,True,True
oracle,1.6,13,15.338865017136836,1.1560480086201204,2.579179517315003,0.16600458956682299,True,True
oracle,1.6,14,7.563910341363187,1.0,1.9866922111423715,0.22505251633624554,True,True
oracle,1.6,15,4.997648855904148,1.0621684692424584,2.215293305729361,0.05881114845313504,True,False
oracle,1.6,16,11.561642142089726,1.0945044285749148,1.8865241544033577,0.20505214361345125,True,True
oracle,1.6,17,7.62558840444866,1.0,2.5706044329598985,0.08486840935306107,True,False
oracle,1.6,18,1.2769554012297364,1.005874478386977,1.1509806559976243,0.11469847987849191,True,True
oracle,1.6,19,5.2080857463266765,1.3366659213609486,2.484290548049158,0.05285819148678117,True,False
oracle,1.6,20,3.5981353133442004,1.0204673180775905,2.4809746394343106,0.021402131507860946,False,False
oracle,1.6,21,26.34304678121587,1.7736876064354044,4.927383444727883,0.07756509652946417,True,False
oracle,1.6,22,5.411780006750262,1.0,1.3607973958014528,0.25519066640189536,True,True
oracle,1.6,23,2.5473788168378997,1.0,1.3564083929748842,0.2790269379310627,True,True
oracle,1.6,24,6.102736741869896,1.0,2.013776890815121,0.13431123499306777,True,True
oracle,1.6,25,2.42354804077071,1.0,1.207680863641616,0.11707370383556766,True,True
oracle,1.6,26,11.042248347805334,1.0,1.7592147759760888,0.0938602382949085,True,False
oracle,1.6,27,10.200642792355058,1.0,1.6740755303578048,0.25462257302958546,True,True
oracle,1.6,28,13.68611712579777,1.0,1.4468835856685016,0.2018310665720571,True,True
oracle,1.6,29,5.686478219829392,1.0,2.526585297358568,0.1365248654955308,True,True
oracle,1.6,30,6.388384002226994,1.0,1.6120412869935006,0.029866886004134247,False,False
oracle,1.6,31,17.54828951816855,1.0839179245626624,2.624492383438464,0.17532672530130256,True,True
oracle,1.6,32,11.248913973986586,1.0542141737769146,2.4853136244428393,0.12258906712634604,True,True
oracle,1.6,33,13.50749393768263,1.2699400521836781,2.7801447834659916,0.070222650344758,True,False
oracle,1.6,34,4.51172683113219,1.1407379846787224,2.641786609724018,0.02149002963569747,False,False
oracle,1.6,35,18.901297227505264,1.0,1.9402756259574383,0.1521296867424079,True,True
oracle,1.6,36,8.159293418494046,1.0,1.6397942911988972,0.29916918061998843,True,True
oracle,1.6,37,10.760878980142913,1.0,2.0321471206344617,0.16224345813126073,True,True
oracle,1.6,38,11.605390291888215,1.0049189337141555,1.7235814091408448,0.209402834679691,True,True
oracle,1.6,39,4.719430185743877,1.0013850127100359,2.199879690554367,0.07753888226150944,True,False
oracle,1.6,40,7.779012471452753,1.0,1.8122874420298916,0.08033430586865575,True,False
oracle,1.6,41,11.88354011510346,1.0,1.280191973638315,0.1924407921021994,True,True
oracle,1.6,42,5.4483989673845015,1.0,1.2819871105570533,0.4737946925080499,True,True
oracle,1.6,43,12.419401531805715,1.0,1.7769868484045253,0.2988875287815526,True,True
oracle,1.6,44,20.014938808699736,1.0,2.052924918734161,0.07300361009325386,True,False
oracle,1.6,45,7.81581597224932,1.0,1.976851178870518,0.11269831959719316,True,True
oracle,1.6,46,13.9278544093036,1.0,1.7898763084745684,0.2188561377194815,True,True
oracle,1.6,47,16.709971839779207,1.0,2.6352311287712826,0.0507871687599737,True,False
oracle,1.6,48,10.243870978460729,1.0350786366247184,1.6540421597186878,0.2262166427921901,True,True
oracle,1.6,49,16.96973660349547,1.0663451128488692,2.0173950574261266,0.189588357690524,True,True
oracle,1.6,50,17.711437382948926,1.825566625938122,5.239505992801124,0.09343889478266984,True,False
oracle,1.6,51,5.012852505805099,1.0,1.9504146670064353,0.4501912397309614,True,True
oracle,1.6,52,6.757132353956284,1.017279508266289,2.618533514678144,0.1829439290265536,True,True
oracle,1.6,53,4.410110757700679,1.0,1.4023819999442015,0.35074908597915355,True,True
oracle,1.6,54,4.245167899658773,1.0,1.868080791610516,0.36658833154995335,True,True
oracle,1.6,55,3.3849865974901006,1.0,1.526702852808436,0.28871822991873375,True,True
oracle,1.6,56,2.9525260381399048,1.19987794645781,1.9559197952338638,0.053144665085071235,True,False
oracle,1.6,57,14.77948867330515,1.0,1.6314187364711215,0.18768056992617363,True,True
oracle,1.6,58,7.738187790991355,1.2896478592113276,2.420325925274925,0.14894693735743256,True,True
oracle,1.6,59,9.448795173435792,1.0,1.83270801182368,0.17935841504645794,True,True
oracle,1.6,60,14.964364315649851,1.0156956778185657,2.1780422694148296,0.1856195670758266,True,True
oracle,1.6,61,17.624624778850247,1.8676185383332689,4.040184113810297,0.03348997385531293,False,False
oracle,1.6,62,15.590703397110536,1.512671726364694,3.691583068347316,0.06433137167717222,True,False
oracle,1.6,63,4.536186935501774,1.0,1.5329729331151534,0.1208565504654062,True,True
oracle,1.6,64,11.36702304224611,1.0,1.9479242928456426,0.12332301146237162,True,True
oracle,1.6,65,19.89943399909583,1.133778202640522,3.2384843592427854,0.1761769844424422,True,True
oracle,1.6,66,15.968696968339827,1.0,1.8690858158903014,0.15795421890428077,True,True
oracle,1.6,67,12.376504578606522,1.02040674282206,1.9751167952558903,0.16726374044196904,True,True
oracle,1.6,68,3.3248924025782363,1.0,2.1549648677138182,0.47945545749482826,True,True
oracle,1.6,69,5.768845778121017,1.640538023571637,3.3466704083259,0.02654190083346156,False,False
oracle,1.6,70,3.100804764709002,1.2340564150867754,2.555119653327446,0.06694607921930633,True,False
oracle,1.6,71,20.186007676038358,1.1338460916327346,2.909719464445423,0.11984445296891875,True,True
oracle,1.6,72,11.6966384865689,1.0,1.897867714932812,0.1606737197234308,True,True
oracle,1.6,73,11.595631297303967,1.043377006333962,3.799144140052373,0.03611112696064851,False,False
oracle,1.6,74,2.0013229057661692,1.129630428424698,1.543472588109357,0.0711246266152752,True,False
oracle,1.6,75,6.883141558436361,1.4196562594547553,2.89231228764499,0.041375902981568645,False,False
oracle,1.6,76,14.231108237661386,1.0130988064201636,2.1984294943589924,0.13698169033238636,True,True
oracle,1.6,77,11.394062970106722,1.0029031132728599,2.2926948428835257,0.1317790851963259,True,True
oracle,1.6,78,11.068859740805307,1.391126787054869,3.113591528937943,0.11570422423136333,True,True
oracle,1.6,79,16.966536484240436,1.0828561739937987,3.0754879184465445,0.15129082639812566,True,True
oracle,1.6,80,27.690629813645423,1.0179458184692214,2.8433043194774847,0.08462441943094003,True,False
oracle,1.6,81,32.20048302486944,1.069232921451794,3.255514415254294,0.16195730037619205,True,True
oracle,1.6,82,7.698103070433898,1.001692825902348,2.432463283608957,0.062035673978232085,True,False
oracle,1.6,83,8.967142881821733,1.2037983605123779,2.5171581449097395,0.0424092351256144,False,False
oracle,1.6,84,14.232330519613143,1.1069852934002498,2.215287843471305,0.19236206645005843,True,True
oracle,1.6,85,1.0822610253749212,1.006649864687011,1.0230642289271883,0.0060835957764519165,False,False
oracle,1.6,86,7.820031117249049,1.0,1.8494678381146217,0.1828489398520881,True,True
oracle,1.6,87,5.53319842098451,1.01024540722636,2.6147016197261355,0.05824966113220793,True,False
oracle,1.6,88,23.051093818820625,1.0267882184246906,2.390042480484383,0.09578597567911314,True,False
oracle,1.6,89,9.068796322606161,1.2724799400767801,3.155327162803922,0.040033979657644186,False,False
oracle,1.6,90,21.063481508260118,1.0,2.3304304863656182,0.1480869861480282,True,True
oracle,1.6,91,34.617449885403545,1.0943419645734411,3.045817034128708,0.12096984769648758,True,True
oracle,1.6,92,17.855975353509812,1.1138665898801623,2.30721425817359,0.19819416039015988,True,True
oracle,1.6,93,14.111343974927621,1.0,1.987509445474192,0.13863648781315338,True,True
oracle,1.6,94,9.369732293430436,1.2786707890718874,3.0274692999236406,0.055013766077412776,True,False
oracle,1.6,95,16.76714116624875,1.0,1.8821137515230977,0.26938299884652767,True,True
oracle,1.6,96,15.358835194571933,1.0,1.9784661336714189,0.12410668697967203,True,True
oracle,1.6,97,1.3469276851150147,1.0,1.1904040056821361,0.40998150491637514,True,True
oracle,1.6,98,16.840460671940402,1.0,1.8019099846316453,0.16930037604903456,True,True
oracle,1.6,99,2.1408786284473074,1.1284408104702286,1.7227784859427553,0.021516554892717647,False,False
oracle,1.6,100,7.89048540635814,1.0,1.6899030223327,0.20970890184692745,True,True
oracle,1.6,101,6.156797346289217,1.059733000767768,1.9842689400343532,0.1471630649440432,True,True
oracle,1.6,102,18.536723827550208,1.0243837467649386,2.2766091787087124,0.12382590051447896,True,True
oracle,1.6,103,16.849473213359957,1.0,2.7007404977793255,0.10103432589455852,True,True
oracle,1.6,104,3.867452457765293,1.0030993925731155,1.5613045346018597,0.27413891667137136,True,True
oracle,1.6,105,15.161458864428115,1.0,2.2237406322970674,0.2662775049944038,True,True
oracle,1.6,106,6.797329373263905,1.0,1.7375030312070092,0.15239425056895467,True,True
oracle,1.6,107,6.24877170690478,1.0,1.702657033011823,0.3684426806428012,True,True
oracle,1.6,108,11.905160207618367,1.0816698426853217,2.449829361263682,0.10005876088461692,True,True
oracle,1.6,109,4.830585046898046,1.2337627634767279,2.236011880333783,0.05506314158069403,True,False
oracle,1.6,110,1.5967245792602625,1.0103911435338044,2.0404298740636357,0.5039459486326825,True,True
oracle,1.6,111,17.811237177871252,1.009330014840049,2.4302132505185208,0.21596088648686024,True,True
oracle,1.6,112,19.010086024543064,1.0,2.077182246497114,0.12503131932035796,True,True
oracle,1.6,113,24.329847714697806,1.008125699403033,3.1633222135508086,0.043495365336113645,False,False
oracle,1.6,114,10.503706496899499,1.0,2.3284327959040034,0.22197706632668363,True,True
oracle,1.6,115,20.355724728447374,1.72001080109048,3.098306148209833,0.07011746909585587,True,False
oracle,1.6,116,8.59659104186422,2.0191792941225644,4.214984812357286,0.042278028743799885,False,False
oracle,1.6,117,15.190657762177782,1.1706361412100614,3.4627998074173014,0.051087723786428396,True,False
oracle,1.6,118,6.213980961746643,1.1040959526941692,2.629362883716194,0.02108516308630189,False,False
oracle,1.6,119,7.848390922277017,1.0525459024723045,2.7789530936897293,0.07610741950170795,True,False
oracle,1.6,120,14.998140634903233,1.0,1.7737809229564516,0.13181560954861327,True,True
oracle,1.6,121,4.878536813012842,1.0,1.3496828849464722,0.3424602707819056,True,True
oracle,1.6,122,31.657908386419084,1.0,2.6854635122083867,0.11769536556895037,True,True
oracle,1.6,123,20.052002628901107,1.0,2.537906244275502,0.10417055596869232,True,True
oracle,1.6,124,4.024107902594952,1.0,1.4953198036937183,0.41515197997649433,True,True
oracle,1.6,125,17.974469634370877,1.0375691500720987,1.9988326697239236,0.15967736900529358,True,True
oracle,1.6,126,1.1581823796247728,1.0,1.0428763038009143,0.2813531256922464,True,True
oracle,1.6,127,19.327452250632344,1.0444117131075823,2.3876533667186317,0.16930515422273812,True,True
oracle,1.6,128,13.500556718215046,1.0027928115895772,2.743817224116686,0.1592013462127304,True,True
oracle,1.6,129,34.959258797826,1.0987560205600158,3.1595474805798087,0.12613185524585108,True,True
oracle,1.6,130,13.23492155597675,1.0,1.7546528100198353,0.29129434309776236,True,True
oracle,1.6,131,15.389219764813687,1.0,1.7379817748666784,0.17136055691841562,True,True
oracle,1.6,132,16.292751512005005,1.0,2.1162450800409562,0.11957875068979684,True,True
oracle,1.6,133,6.391594891806964,1.161107860439058,1.993187743596293,0.2750708013227582,True,True
oracle,1.6,134,18.628676703037122,1.0,2.9182942348269183,0.14775184077901518,True,True
oracle,1.6,135,7.6898095442023155,1.036618146257626,2.533418752627213,0.03993038013766718,False,False
oracle,1.6,136,2.7193389894238886,1.090563181174594,2.79674840279337,0.03368071808850113,False,False
oracle,1.6,137,2.3768533639440883,1.0144524927271625,1.6146909927645172,0.04332160621598131,False,False
oracle,1.6,138,15.546610459732133,1.0490079543269117,2.4089924867349253,0.20052584366715567,True,True
oracle,1.6,139,8.142339836161604,1.0,2.032023342786859,0.18456780874065493,True,True
oracle,1.6,140,16.016140366097957,1.0243741077304032,2.2438232137626652,0.0980006423501415,True,False
oracle,1.6,141,14.723186924558382,1.1581231022180143,2.4108308455713683,0.06850180159530603,True,False
oracle,1.6,142,27.475240465964166,1.0,2.5206792573911994,0.12018909740697986,True,True
oracle,1.6,143,14.555134023422735,1.0019395767309172,1.6794672269852655,0.30600103685379965,True,True
oracle,1.6,144,10.972094307082607,1.0,1.4517061608598139,0.1504309262053954,True,True
oracle,1.6,145,3.4308308525560167,1.0,1.3503306526060759,0.3480939544946011,True,True
oracle,1.6,146,9.413886014804644,1.1262264531884019,1.9999764605846275,0.37049518642022655,True,True
oracle,1.6,147,15.718732223286054,1.0,2.055899979882506,0.14659884944897172,True,True
oracle,1.6,148,20.813119729161514,1.0,2.2285929166866616,0.1641761845307753,True,True
oracle,1.6,149,11.38414020095594,1.0,2.0468166823417806,0.19845919622895877,True,True
oracle,1.6,150,9.544010494765448,1.0,1.3498825106088104,0.14761414019439106,True,True
oracle,1.6,151,15.789849746374797,1.0,2.0595551899781297,0.1036428186402093,True,True
oracle,1.6,152,6.534134671302377,1.0366584918019635,1.874668173629691,0.26580628433329545,True,True
oracle,1.6,153,27.72814525636815,1.0,2.070374905434944,0.12366722412211348,True,True
oracle,1.6,154,23.902705234204785,1.0,2.3329937002483407,0.0995655623295657,True,False
oracle,1.6,155,10.184121907419447,1.229512411039072,3.171218656033923,0.03487951321053344,False,False
oracle,1.6,156,7.1611787832291975,1.0,2.3174750344791883,0.09962152746741444,True,False
oracle,1.6,157,25.873971060512762,1.0,2.1830928025966188,0.16093704383795626,True,True
oracle,1.6,158,15.200385095162275,1.022650496821333,2.8221288268628166,0.16280549680444611,True,True
oracle,1.6,159,9.508523733846939,1.2495086632382193,3.7993135623233636,0.059216428982823525,True,False
oracle,1.6,160,25.02943733730031,1.0,2.4971474470415136,0.10739725324871474,True,True
oracle,1.6,161,10.203430389828235,1.0100852297886607,1.7147781112375364,0.16440685513742184,True,True
oracle,1.6,162,12.619740558306292,1.0,1.8398132632186164,0.19570613553607513,True,True
oracle,1.6,163,11.932949705646331,1.0,1.8825119417765932,0.2232752976661273,True,True
oracle,1.6,164,5.168372357267213,1.0,2.092333603089658,0.13451556131363612,True,True
oracle,1.6,165,2.185495571074541,1.082978330688548,2.2796461777014,0.07180233441850872,True,False
oracle,1.6,166,8.867566611808973,1.0,1.9804685815124925,0.2411143397028509,True,True
oracle,1.6,167,10.294921108687543,1.0,1.70952350335852,0.11687215447906281,True,True
oracle,1.6,168,4.612194591448239,1.0577184245584839,2.244728040885966,0.323217718242567,True,True
oracle,1.6,169,2.66772677990576,1.0,1.1203605736008466,0.13529380087724024,True,True
oracle,1.6,170,1.7775532655173996,1.0873106869015716,2.0003339268171083,0.031571407740929064,False,False
oracle,1.6,171,9.568165212753803,1.032736661845221,2.496447234421613,0.10020096800538722,True,True
oracle,1.6,172,14.90030336708717,1.0,2.2659040358308964,0.17331234599075315,True,True
oracle,1.6,173,5.286244995900866,1.0,1.3448122099173774,0.14237060483105707,True,True
oracle,1.6,174,2.907135252719693,1.0,1.8405407282002468,0.11277124982489803,True,True
oracle,1.6,175,7.7740436597122775,1.0009225457054987,1.853974907703671,0.2921147950129986,True,True
oracle,1.6,176,34.73986644926058,1.0,2.1252074302082917,0.12479660971705656,True,True
oracle,1.6,177,48.594867979970694,1.0,2.8520493505065616,0.08857047653394612,True,False
oracle,1.6,178,13.40280417248368,1.229028802308256,3.0615116864197898,0.0705311830575681,True,False
oracle,1.6,179,16.680717095085082,1.0,2.3495570715160525,0.2484577021443413,True,True
oracle,1.6,180,4.904709543374976,1.0,1.3159541178935346,0.3049474146843894,True,True
oracle,1.6,181,2.911111975362021,1.0,1.9999025695309511,0.4470404238182121,True,True
oracle,1.6,182,8.335569395423455,1.0,1.682143761663911,0.31912039989858987,True,True
oracle,1.6,183,15.403004522469718,1.0579653168730092,1.9911971291225838,0.11060890055581321,True,True
oracle,1.6,184,14.378327706458778,1.0,2.5502460013348274,0.1527412241288795,True,True
oracle,1.6,185,7.674244329311377,1.0,1.8695822971251213,0.12454632579006605,True,True
oracle,1.6,186,8.854276517983216,1.0003953135823032,1.8349895156692078,0.31345728461028566,True,True
oracle,1.6,187,1.5285637051272192,1.0513384147905898,3.667918383181775,0.6812991727710919,True,True
oracle,1.6,188,6.937157819656575,1.206940823775975,2.5705683147639395,0.0710129895865361,True,False
oracle,1.6,189,16.469430512044767,1.1170081754445658,2.2913017407354883,0.10772258607411674,True,True
oracle,1.6,190,12.531396802132114,1.0592069818339793,3.1476141797741803,0.061163574571812734,True,False
oracle,1.6,191,14.551648402202114,1.6948917511850894,6.802982206385883,0.034483793440562946,False,False
oracle,1.6,192,5.616201861691991,1.0503180104174579,2.0466989918518936,0.08156009840345632,True,False
oracle,1.6,193,10.057172105963634,1.0,1.9690429944138386,0.2508202528350089,True,True
oracle,1.6,194,17.079392309229434,1.0451122625414262,2.112966760678774,0.15075989612064564,True,True
oracle,1.6,195,3.918308242778424,1.0,1.8650841389968453,0.33149693329663654,True,True
oracle,1.6,196,26.025890501791675,1.0,2.274900513818379,0.1273053524386598,True,True
oracle,1.6,197,9.905218789033011,1.203632384670398,2.8962049866465067,0.04051298871763657,False,False
oracle,1.6,198,9.518849447808439,1.0664633513906578,3.3687107819222475,0.07275393578893083,True,False
oracle,1.6,199,16.77823876502522,1.1962554517758586,2.44114991627716,0.1668577314520565,True,True
